{"cameraMode":{"drawMode":0,"name":"Shaded","section":"Shading Mode"},"sceneLighting":true,"audioPlay":false,"sceneViewState":{"m_AlwaysRefresh":false,"showFog":true,"showSkybox":true,"showFlares":true,"showImageEffects":true,"showParticleSystems":true,"showVisualEffectGraphs":true,"m_FxEnabled":true},"in2DMode":false,"pivot":{"x":-12.354001998901368,"y":29.162841796875,"z":0.9799036383628845},"rotation":{"x":-0.0020018541254103185,"y":-0.9957488179206848,"z":0.019716603681445123,"w":-0.09316378831863404},"size":1.032751441001892,"orthographic":false}